sig	mint	ts	side	fee	nat_d	wsol_d	tok_d	dec	pool	base_pre	base_post	quote_pre	quote_post	prog	nonce	rent_d	tip
2Yjcp8UWqD9Qq3fcupbZLyqpJ3d5RLfjxt4xiChrbioaDMDDsmh3ysGMpGWS8ESTUVCga8twhw2Tuq2Bmst6a8vo	4SZW7wa8XerMD1d4EnzxcKL8vGF5rKJcvGBp8cZ3ZSGt	1787849194	BUY	9600	-2048880	-20000	179987089	6	Buic59k9DvAx2cW9b4bp6a2e1rqJ2bNWhHX2YNasKcN6	999999332289825	999999152302736	110780074155	110780094145	pumpswap	0	2039280	0
3Avz5tFCBk1J5h8JDRLN9fVjdf42KLcrGvR9Lr8YpxiwN5kX7fWFx3MgNwkX2BSShn5DgzpyjMzp1w7jF23YhWdP	4SZW7wa8XerMD1d4EnzxcKL8vGF5rKJcvGBp8cZ3ZSGt	1787870148	SELL	27739835	-27739835	180582074	-999	6	Buic59k9DvAx2cW9b4bp6a2e1rqJ2bNWhHX2YNasKcN6	1	1000	181306758	634121	pumpswap	1	0	0
5Ek7mM43T4SqZhmCHCYDUKGuHhEN1KD6SWYuCvTvhVbhatTcxAnKTc6h5VgaxKb8BckJyx6Uo2Xdk9HJys2NC2D7	4SZW7wa8XerMD1d4EnzxcKL8vGF5rKJcvGBp8cZ3ZSGt	1787904056	BUY	9600	-9600	-20000	30126975468299	6	Buic59k9DvAx2cW9b4bp6a2e1rqJ2bNWhHX2YNasKcN6	32524864533358	2397889065059	1587	21577	pumpswap	0	0	0
3YKmgXwDjmd4RmQXF2L5jL7EKfaBzEW4fKukCGhhdLaXTqHmkmyMKuCX4ZBewN1uDFevUFnkWoxz3tLtzpVTaEWU	8jKZpYVJkLhrsJcHym2BWUSYtUe3KFk9PnaLLjaCpump	1787849153	BUY	9600	-2083680	-20000	33942700624	6	6af79PEMquz9RntuUyLG1J32BGwaMS7YD8V3NiEMwwhV	206883025331124	206849082630500	120363912	120383668	pumpswap	0	2074080	0
4SDFn5wcpik11VpNMmYVANNkdBxEij8LJ3Q4KahhyQwMywJKHF5GppMuMZnQ7xDgGxKSVEMH5ybNNWhZ1yttTVNs	8jKZpYVJkLhrsJcHym2BWUSYtUe3KFk9PnaLLjaCpump	1787849271	BUY	9600	-9600	-20000	223587655684	6	6af79PEMquz9RntuUyLG1J32BGwaMS7YD8V3NiEMwwhV	531276770546173	531053182890489	46911496	46931252	pumpswap	0	0	0
Az7gQk4EpfF59S6F5JwFXVyRWL9c8UpKus4NJbP7WUq9gazhR39KCojHB8QWvMyhRfTXCx6nnDHEaFNLo2RSR3p	8jKZpYVJkLhrsJcHym2BWUSYtUe3KFk9PnaLLjaCpump	1787860854	SELL	5525	-79977149	173939383	-257261617083	6	6af79PEMquz9RntuUyLG1J32BGwaMS7YD8V3NiEMwwhV	5910669173867	6167930790950	4220904096	4045204191	pumpswap	1	0	79971624
53Z6KL9Z8M34Sepkmc2eTdLKY1nthkTDN8FdiLxPbUcyaJDPk5QLbuZeaJq2zbMubW17w3w964sxTvtbdjWvJvzB	8jKZpYVJkLhrsJcHym2BWUSYtUe3KFk9PnaLLjaCpump	1787860854	BUY	9600	-9600	-20000	30130465	6	6af79PEMquz9RntuUyLG1J32BGwaMS7YD8V3NiEMwwhV	6167930790950	6167900660485	4045204191	4045223993	pumpswap	0	0	0
3pMVpDNkv9ExwYcLruFtvtA2zDP7jikJCog5A1HD4typJp79CKN61XSq5c1sHimoGECoew2ZRbdVWpxBLAdM3UZf	8jKZpYVJkLhrsJcHym2BWUSYtUe3KFk9PnaLLjaCpump	1787861261	BUY	9600	-9600	-20000	2710964431956	6	6af79PEMquz9RntuUyLG1J32BGwaMS7YD8V3NiEMwwhV	1907625965586174	1904915001154218	13878447	13898203	pumpswap	0	0	0
4aKpMPLtCjmAx6Mw479dReAwqeDtKGEG2N4rgpWJmG5fw9gToLW7JxMLfC1x2fw6Y1mGDqvevr1Z7ekemTwiVPWv	3FEiU97Nj5NrXiw1Fm5oys6kDNjgGbqBp9HzCkqtNJKi	1787853922	BUY	9600	-2083680	-20000	137252320	6	AW8K2uNJLyyLAPYnaHF2ZXEoomvEXcedRKj98mTyVkeE	598775433957927	598775296636774	86990000000	86990020000	pumpswap	0	2074080	0
15dy6vomK671PLNbfLYNYApde9sqodwa8yXY5Qc7kzyGCDq6diQwffYzNS1PhJ8MD8Jqw5fDHx7ZCnvryfmxqHM	3FEiU97Nj5NrXiw1Fm5oys6kDNjgGbqBp9HzCkqtNJKi	1787855629	SELL	74595050	-74595050	487062423	-17035	6	AW8K2uNJLyyLAPYnaHF2ZXEoomvEXcedRKj98mTyVkeE	17	17043	487550002	487579	pumpswap	1	0	0
fHWHYkYboAeQDChRL3DcwaVaR12RZAvrQyPV3a368RNhDCjzspzMM85qpYM6s1qp7BPgtA75mPFqAq5fht56tJZ	DurEg2prmzUFkn6Rf3sg6TtKTWdHPntht6VfRLHsx5Xb	1787844745	BUY	9600	-2083680	-20000	155928502	6	BF7nWoFiBT9b1Bf4uD9ZuTMTBqH6PM6JRAbiwrHWLdpz	626451129696668	626450973689967	80110000000	80110020000	pumpswap	0	2074080	0
5aTYYZ9P3izxGCWyi9fbFDLbQCiwtGGp87w8YVMpfrJK5eJmFmafF3Maj8XDQgEn2ipBY65nryGE4vMnvSti9mVC	DurEg2prmzUFkn6Rf3sg6TtKTWdHPntht6VfRLHsx5Xb	1787847356	SELL	30446900	-30446900	198800988	-14028	6	BF7nWoFiBT9b1Bf4uD9ZuTMTBqH6PM6JRAbiwrHWLdpz	14	14035	199000003	199015	pumpswap	1	0	0
4JoNWo7YhEq9Xq23ZnYPK9LTmQ2jVJtcxgufzDNhcqHRhMzuCSfcpZYwEUTNtRayM9FjgBDvtzbZtpeLHZzWVLt4	CtY7VfrUaHUA7h3sgjjVSmUw5kVEoPwyCB1Rv5ESgjgP	1787847253	BUY	9600	-2083680	-20000	155320780	6	EUnHgJeDcH7NeDPoFN8m6tba9c4hKhhe4QVjExAEEz42	630007418397628	630007262998953	80880000000	80880020000	pumpswap	0	2074080	0
3DQU9vwMgRrK8UZYMzomYwnWtXRmTNVmTn8PyNC89px9HjhM9aAf5MzNMgnyfhggqRKB79FwXLhAGqJt1dShfACt	CtY7VfrUaHUA7h3sgjjVSmUw5kVEoPwyCB1Rv5ESgjgP	1787847345	SELL	19023023	-26339569	73092298	-18036	6	EUnHgJeDcH7NeDPoFN8m6tba9c4hKhhe4QVjExAEEz42	18	18045	73165468	73170	pumpswap	1	0	7316546
2k1N9aBh684sXrTbzLXHF6vXD1r7jZdaFh2Zgo44aGCRaTCAbA2hGjxb731bqbmLzQQiT3jnay118qL1GdbC4K3k	GTvnzEnY7xyRKsG82M4CeU143VHKhgme2kPyLwRHtrBz	1787844803	BUY	9600	-2083680	-20000	229508924	6	4jAJ2YGg737DXjF5mARMidoVUPzn1P8uiFvRUkhfpw1T	989070369680972	989070140056948	85931554003	85931574003	pumpswap	0	2074080	0
4k6CGkEVgPm2PZXh3EUKfFdFzwpX2yB4ZiqstAPB4CVEyg3wdjwvMHKfHLqNE6usAAHWaygTZAvNFgD3FSQjsH8e	GTvnzEnY7xyRKsG82M4CeU143VHKhgme2kPyLwRHtrBz	1787845534	SELL	51042186	-68056247	339940928	-18036	6	4jAJ2YGg737DXjF5mARMidoVUPzn1P8uiFvRUkhfpw1T	18	18045	340281229	340301	pumpswap	1	0	17014061
46mTf2pmRvcNa3x3rzzv9mqJdCojhL6qNmCHfYWNjMi1HVAMEeuZCDAuHwjf1EA1kyoBJs4UFD1KL71epruBrtnc	GTvnzEnY7xyRKsG82M4CeU143VHKhgme2kPyLwRHtrBz	1787845568	SELL	12865353	-16885775	80328027	-23091	6	4jAJ2YGg737DXjF5mARMidoVUPzn1P8uiFvRUkhfpw1T	122	23201	80753745	425718	pumpswap	1	0	4020422
2cPmCRoWfCigsfwfVFsY3tmW8pE9Sc2WhC88ShQFtgvtGmRYT7QcPfAabscSWiV5MSmGQWqx1FiWqKSTRKdDcE5M	GTvnzEnY7xyRKsG82M4CeU143VHKhgme2kPyLwRHtrBz	1787845621	BUY	9600	-9600	-20000	626766392304	6	4jAJ2YGg737DXjF5mARMidoVUPzn1P8uiFvRUkhfpw1T	628453842691	1602477176	1	20001	pumpswap	0	0	0
tHBwgPVJduqH7tSWkp9ywZtHjKpUFAEYVe1srScpD9Mk7hXYfk4AP6SW1X7kBEK662i4JzbxmtX177gK6bZ5SZZ	HoNNWj6SViNTQYTUMvTrS9Sh7cXN1e83Z1gTvwErw37E	1787843344	BUY	9600	-2083680	-20000	38912264	6	HnbqibNG1RRUYHRLqksd8NJ3fWLHPip8X4jbEhAdH6Q	192961165048544	192961126116765	98880000000	98880020000	pumpswap	0	2074080	0
3KBGrGv5YmvSn5YL5X1UWt6VtLuM9ie5XLmsNf1NpcUiHmWb2LhQuJNetEGTxgpP75WPECThBkgGj2JwXujKvQhH	HoNNWj6SViNTQYTUMvTrS9Sh7cXN1e83Z1gTvwErw37E	1787843900	SELL	33665407	-44887208	224211580	-10020	6	HnbqibNG1RRUYHRLqksd8NJ3fWLHPip8X4jbEhAdH6Q	10	10025	224436039	224459	pumpswap	1	0	11221801
wCAA4v8k4VUQw9k376MXA8cM3a5j5F2YSyFDaJzxWdXkaEzc28FNGVpd31CV1voKhdSNDCtyGAG9Ge9SyMZmDC2	4d7BehtH7NdNpkVie8KYQjDUPLwBeQQaffc73vLuZ4PQ	1787832180	BUY	9600	-2083680	-20000	234594030	6	EhQwoMB8brpG6KfrKWcvq6j282oXsMFpazff4Loh3PTW	999953702234025	999953467522345	84993944892	84993964892	pumpswap	0	2074080	0
2D9KMBcuqdqD2CVuWzLuxF7z86xn1UNNcijDs5HaEiUXvQuR79wSUNc74JhKnineZwaqgysP2fTrWNVxJDAjjM9W	4d7BehtH7NdNpkVie8KYQjDUPLwBeQQaffc73vLuZ4PQ	1787833350	SELL	76117400	-76117400	497002474	-18036	6	EhQwoMB8brpG6KfrKWcvq6j282oXsMFpazff4Loh3PTW	18	18045	497500002	497528	pumpswap	1	0	0
52Gj7m65QM4vJh1BSQ3eWVsTXdU2gHaBCouMpa59F58VzjgwBPEkp43YZAohp8sXL8wZfjC2NfA4bBwBK2hTiDPH	C6WhqN9G8FhuVNAmKNpzA8T6JTzhVHxMGu7eEmVYpqEh	1787830434	BUY	9600	-2083680	-20000	231864314	6	GdvnV9iL4zrZNT9H1of2EhBV9LTtHtWTBbnnq5u9bnrX	992840416170532	992840184189936	85382837671	85382857671	pumpswap	0	2074080	0
yutdroHZi9yiVXPpgiJhZgHEJYun2nrbjnQtopbVLBaHKdcNQDJhbE9kYArLvQ3iXGbu8E2T1NjDegQg1aq97kB	C6WhqN9G8FhuVNAmKNpzA8T6JTzhVHxMGu7eEmVYpqEh	1787830551	SELL	16238300	-16238300	99400497	-24048	6	GdvnV9iL4zrZNT9H1of2EhBV9LTtHtWTBbnnq5u9bnrX	24	24060	99500002	99505	pumpswap	1	0	0
o8KwwaCmzHnRxDg5wJML6hpFk3g4A7LQ5NDyJqK9eGRaWXTbAV6PqL9fAGDDjCi2ve2V6TLRHvkHXec3aVguYFo	C6WhqN9G8FhuVNAmKNpzA8T6JTzhVHxMGu7eEmVYpqEh	1787830551	BUY	9600	-9600	-20000	293863803	6	GdvnV9iL4zrZNT9H1of2EhBV9LTtHtWTBbnnq5u9bnrX	368449799	74438621	5001	25001	pumpswap	0	0	0
5JckDSVu5uDnnZXyzFMVZhbCJTE4XV2nbZ3WjSiVE61qhfKwdBVxTHKhAQcHZfM2jDvZtMcshsNCP9fVBxhybvPE	GZtrZnRXDx4BAb3iNiPmNaKDcgMQzDecNSQFixQqt5qQ	1787829915	BUY	9600	-2083680	-20000	229481450	6	5TZDXMKKrvPL76hvsZncRDF5pFFHa9uVt2MCinuGd51w	989011241737026	989011012140490	85936704432	85936724432	pumpswap	0	2074080	0
YGe95jNNrZgWqJL5C73GRA5RmoXpkvkWBtTGNv4fQM1PfWPJsmfwudoNMukGWmpLma3jbW4uV4EStwPTM96A12K	GZtrZnRXDx4BAb3iNiPmNaKDcgMQzDecNSQFixQqt5qQ	1787830268	SELL	31638968	-42185290	210715508	-18036	6	5TZDXMKKrvPL76hvsZncRDF5pFFHa9uVt2MCinuGd51w	18	18045	210926447	210939	pumpswap	1	0	10546322
4kcUx2qWbe9f5NmcUe4bZGJV98GuTjCRXiYC6WbfYrXzuQ7Cta66XLv2hzNXXX3E1JUKTYi1nrQAYhAesSvkNteT	GZtrZnRXDx4BAb3iNiPmNaKDcgMQzDecNSQFixQqt5qQ	1787830360	BUY	9600	-9600	-20000	1112397134027	6	5TZDXMKKrvPL76hvsZncRDF5pFFHa9uVt2MCinuGd51w	1115800154348	2845148137	1	20001	pumpswap	0	0	0
5KiqSmWpNk5ShQ28J3ZZJWPap6AH2tTBVV1p8ado5JxswpjpjBmJX8Tv8okrmowWcBnk7dhQwvcXTSg2dxZYhbwQ	AxAK6rzR4JDo2Lqjy7N2wsrQKXedTAGArQeGrt2i9wnP	1787773036	BUY	9600	-2048880	-20000	18618018	6	CS3v25wqFABDsRfHUVWSQLGp5HhoyXgK5ZRG44Y3o4rs	126041084708335	126041066080979	134990659097	134990679097	pumpswap	0	2039280	0
3DC3R5tAHPLF3ev1AuTGTzDHMXrkrVsFJ45vx7AMxhMWSDkBvxMAxdSVscZsuRGTxPNAoD3S25Edsa5PGbziXLoL	AxAK6rzR4JDo2Lqjy7N2wsrQKXedTAGArQeGrt2i9wnP	1787827104	SELL	1000001	-67250341	1325006808	-18618018	6	HLnpSz9h2S4hiLQ43rnSD9XkcUThA7B8hQMKmDaiTLcC	2921012	21539030	1535977405	210970597	meteora-damm2	1	0	66250340
3cpwDmo9LkkxwA2JofuBsVjX9Km2FKKZThcxj6CCJARLujLSqVsxBzPNZ32i77Lp2gqiBf8BupCBiycXTaepTxgT	BHsc52EvkMcB5rf6iK41VMiZTPSFaenwSSFrPZ1otQ9e	1787772438	BUY	9600	-2083680	-20000	223964801	6	2rysRTn9aKsQ4RYmSpXr34YyMGb4hoWF4Hi9uLdDYEpy	977066329463158	977066105386037	86990000000	86990020000	pumpswap	0	2074080	0
ddpwvc6QS4KzZu8864FiMRYWV3vk5b1MpUjnudjnL6mwiBieMh92zYe1Sp72yWFmWMswUBGgXyhWbTh1w71NPZi	BHsc52EvkMcB5rf6iK41VMiZTPSFaenwSSFrPZ1otQ9e	1787775051	SELL	90720918	-90720918	329086028	-22044	6	2rysRTn9aKsQ4RYmSpXr34YyMGb4hoWF4Hi9uLdDYEpy	22	22055	329415459	329431	pumpswap	1	0	0
4WBo1N4pGDs9S9nUdyWvt3sVbo4WWNiYAtV2Sd67BdsyxnvDsu8SjF8LE5seLwS9VtZJ7bWxb1JRzgJk53gkpKGx	ezoBXANwRAa9dcsage2E54QvjYLmTgjuaYnaNFwpump	1787940121	BUY	9600	-2083680	-20000	2319213	6	CC7z6QBbBG1NWaSDCnQUZQqbPBGqQm91zwMSYwZnyw29	45419349210042	45419346890829	370177647765	370177667606	pumpswap	0	2074080	0
2q4ArN6nrHAtrN5EbrahiSQjFjLrJ27XQ5GtSfKTqF915udjGLS1if4qdr87ZYgrGF8FRMhdTpz5RQceFz9vnUxg	E9Zhi2a7voN2CGfC5rBEAdUkc155b2ojVhNUMSVUymVg	1787931561	BUY	9600	-2048880	-20000	19934854	6	mMjRfnGoE6voKCHz276D8NbMN3Y74AUM3aVjsF9QxSb	199949194882298	199949174937446	200000772244	200000792244	pumpswap	0	2039280	0
3JTieQE8PXvXa9kEzhxgfP2AVeMfAJBYfh1R2385wJYEU8f9BE9YhViD3va3b761aRkV4mji7iubzKGSfsQe9TqP	E9Zhi2a7voN2CGfC5rBEAdUkc155b2ojVhNUMSVUymVg	1787931610	SELL	199054	-1194318	19909239	-19934854	6	F1CVTYcfwaGAMsh5Gv2TVzQhaHeNzotpXh8BdyT5dQcG	57727834	77662688	77720597	57811358	meteora-damm2	1	0	995264
bcEmbBydbUsEbNAH7F1vkpAwuomrt1UkXpwpeUYVcSDwQnLQVFKVuLu9QLwZKXjDyanA9hxmrdCstqtmCDdbE7D	3A8HAgxucEgQZwrMyf2RVH95nddD5wZSbkHSTHsT34j7	1787927654	BUY	9600	-2048880	-20000	2218268	6	8ficanZ3nY8etinryw6VXd54LobttsFrvBYJZ9payhoQ	133496683804253	133496681584872	1200000084715	1200000104715	pumpswap	0	2039280	0
4ppntETuB2cZE9bdHWeasmS8oRBq8K8ivi1BWbBhSSKGTMkssQvx3MYeWrqRvrhjzpAbVz5KRkvYLb8B8tRCeu5S	3A8HAgxucEgQZwrMyf2RVH95nddD5wZSbkHSTHsT34j7	1787927761	SELL	305287	-1831712	30534581	-2218268	6	31yEMZq7ZCD7rJF5igcGa8gHWtzzkPz2ForeX1xHmByY	67076	2285344	31526129	991548	meteora-damm2	1	0	1526425
QVdHnikceso2TGd7w1ntr6cuRfJU6oDVk8XKVqGdqrj8B9gdWTQTj3StYNSEV9xeN5UFKeSuFqtYq1LwSXSwM6F	3A8HAgxucEgQZwrMyf2RVH95nddD5wZSbkHSTHsT34j7	1787972720	BUY	9600	-2048880	-20000	6265389	6	8ficanZ3nY8etinryw6VXd54LobttsFrvBYJZ9payhoQ	6284558	16026	1	20001	pumpswap	0	2039280	0
4Y4LgZ7HP2QqrELWBPm5xZ4q339VQFc2NtnsFfy112CYPvGEQcDd6r5tLwiQPpwH6NfojVu91rAwPLddnvN6qTas	G9Ubyair6LcaLntEQoXU7AWHdht4VCk7ZH7TcJsnvNA2	1787910174	BUY	9600	-2083680	-20000	4775678	6	4qHZA97JviPPCQSFErVK54qL8dS5yDNNULpDicNG2ogE	42391949152544	42391944374470	177000000000	177000020000	pumpswap	0	2074080	0
HoEzpWbNHDUGYsoMaxE4XzWmsenG92SjGoz1i4vKhD9ucifQSjExCT8ydEY9m2P7xFFXMSBx1ozp8evcqyCoR6g	G9Ubyair6LcaLntEQoXU7AWHdht4VCk7ZH7TcJsnvNA2	1787921727	SELL	71895507	-71895507	469435910	-4008	6	4qHZA97JviPPCQSFErVK54qL8dS5yDNNULpDicNG2ogE	4	4010	469905934	470024	pumpswap	1	0	0
56HyQjK9zdAJecsbJpssqSS9rpF8cvefCXZkheM2bob9odKZfjigMmKQr245fYtpzv2888tWRq4bGqDz9GKZcauV	6LJfxtrbceqsutxiddxUs7GidZNg1WtuMbmdiB1KbZ64	1787920887	BUY	9600	-2083680	-20000	137475601	6	GU32BYvRC4FQqjo8ptV8KdfY9TxEkyndU5xewSJxMawj	592786113049548	592785975505002	85980000000	85980020000	pumpswap	0	2074080	0
3ZxizUU8Cc9sphKw6UhfsFZVQmqBUzGazKnWVDWqrKWYs595AjnKtuTzLUNkswK1wwnJsT92zVkffaqRXbxTGL7k	6LJfxtrbceqsutxiddxUs7GidZNg1WtuMbmdiB1KbZ64	1787921364	SELL	1200001	-3774081	9989999	-16029	6	GU32BYvRC4FQqjo8ptV8KdfY9TxEkyndU5xewSJxMawj	16	16037	10000002	10003	pumpswap	1	2074080	500000
2wCm4nxUMrJFXYVVrgYzzVjjWcTqBJw8RxxgnvvuvDuT96AoDeSmdMKVUXQqbQ5VAa8mZmoAAZM3xgfD6MidQ8h3	5JfAcKovuMwUL3eY2x6AynQb7dgR25MwCJQSj7C9fQt5	1774065374	BUY	10040	-2049320	-20000	146852	6	B9VBSL3gysgs3A3AfewpAE42GEd99xTB8txdxdB32kYt	8933901	8786975	1193058	1213058	pumpswap	0	2039280	0
4reUng4DoTSHANdZ5H2YcRWY8T1ZFLahQTTbKw3kaXvFLMHYA73oVkops4m6uuU2JeLfJ573rhKUkxQeEyWzyCm	5JfAcKovuMwUL3eY2x6AynQb7dgR25MwCJQSj7C9fQt5	1774946133	BURN	5200	2034080	0	-146852	6	-	0	0	0	0	spl-burn	0	-2039280	0
cnFua8hnzwdPowabbcPd51Dncas9o32YGGvgZaZFtJzSuxEd6zuXvbCpajBCNrPchPxfFT37d45DvDNDkn6fkq4	5JfAcKovuMwUL3eY2x6AynQb7dgR25MwCJQSj7C9fQt5	1787175655	BUY	9600	-2048880	-20000	442	6	B9VBSL3gysgs3A3AfewpAE42GEd99xTB8txdxdB32kYt	4343110	4342667	195034285	195054285	pumpswap	0	2039280	0
Jf5BKGTjs8sM2iY2GdNvjYjG7x3YLfd59ikWjR3sskxdvL8JiyVG2RZ11FWZta57yCiszaNAhQ3eX6pdtz5JkfU	5JfAcKovuMwUL3eY2x6AynQb7dgR25MwCJQSj7C9fQt5	1787176832	BUY	9600	-9600	-20000	5826	6	B9VBSL3gysgs3A3AfewpAE42GEd99xTB8txdxdB32kYt	15756374	15750545	53894425	53914425	pumpswap	0	0	0
MY4QD6HUYWjnyNk9jovhcZyRhnpDnGX11osSq9dN9g6JQRvZC3RPK3CLRrxtX3fpx64g7boG5CxFWXNydrxP743	5JfAcKovuMwUL3eY2x6AynQb7dgR25MwCJQSj7C9fQt5	1787278300	BUY	9600	-9600	-20000	2855839	6	B9VBSL3gysgs3A3AfewpAE42GEd99xTB8txdxdB32kYt	350657682	347800410	2428355	2448355	pumpswap	0	0	0
4xL9qUNoKzEUEaPetrUoiMrg9SMweWStSCQ5hTn2N6fQ6iWYiTosKby7Gtz6y2Kxt8VWs7p7E7zvhDtMA155i49j	5JfAcKovuMwUL3eY2x6AynQb7dgR25MwCJQSj7C9fQt5	1787917227	SELL	3352439	-14512235	223195924	-2855815	6	B9VBSL3gysgs3A3AfewpAE42GEd99xTB8txdxdB32kYt	2374696	5229087	409346968	186151044	pumpswap	1	0	11159796
5xjtr5PJ5mgjPxbcXE5ZB7jVo57ToNo4viEEYsqtcwDoSh6RCQJaGG4pGo3NMUHgju1w68w7YNNRrGMukuMBGL71	5JfAcKovuMwUL3eY2x6AynQb7dgR25MwCJQSj7C9fQt5	1787917227	BUY	9600	-9600	-20000	558	6	B9VBSL3gysgs3A3AfewpAE42GEd99xTB8txdxdB32kYt	5229087	5228528	186151044	186171044	pumpswap	0	0	0
5s1ApeP3Y8PWAL2tkm1CtMGjwRdMR6XG7ohfCnccApHd822g3z34FF8rDUHfmXVM21qG94M3wvFgnPy8jC85uewK	2sNgrxbrBvRL3cje8p6PBvwzH8oJLtwkiBQKJuvyErCr	1787878432	BUY	9600	-2083680	-20000	125241535	6	4wPjJcfbPvTLCKUEPvJiqU5iVX5xaxxu6qSEAN99zE4P	609186514073617	609186388769272	96990000000	96990020000	pumpswap	0	2074080	0
5bJb3qxuUPHXNmYFs8nFD6T94F6UUoo7Sxcox7dYQgTpF1eWMUG4dQziqwZyKAoaVMjY1r9aD3AjUJVcmwMXbwrk	2sNgrxbrBvRL3cje8p6PBvwzH8oJLtwkiBQKJuvyErCr	1787907371	SELL	10480528	-10480528	46658402	-21042	6	4wPjJcfbPvTLCKUEPvJiqU5iVX5xaxxu6qSEAN99zE4P	21	21052	46705112	46710	pumpswap	1	0	0
287G3capZ9zwLu3KnA6T1Km3uXfCXZFXeDqWC3ES3a3fM7YW3a4QYxUGv91qeD9ZdNTJTtJAzsiWwYEEsEwzwqwH	2sNgrxbrBvRL3cje8p6PBvwzH8oJLtwkiBQKJuvyErCr	1787913774	SELL	5525	-21548763	46786291	-32859	6	4wPjJcfbPvTLCKUEPvJiqU5iVX5xaxxu6qSEAN99zE4P	69	32911	46884837	98546	pumpswap	1	0	21543238
3gWVHfYtesEq9tUs8BkvQYEGR1tfuLLH9gSXPagE98e29tJU3njQJFy5u7Lxaf1x31xnnST5ZYE7tFUhjdT73xs3	2sNgrxbrBvRL3cje8p6PBvwzH8oJLtwkiBQKJuvyErCr	1787914304	SELL	10297449	-14978107	46759770	-46479	6	4wPjJcfbPvTLCKUEPvJiqU5iVX5xaxxu6qSEAN99zE4P	149	46604	46910127	150357	pumpswap	1	0	4680658
5dsjYXL7x7f7EzNqt7Pz8DULUjBjxDisqxQUbmXu4sJoJoDaNq3sjepkVDdreUaecrqRtq7KH1Ms3BQX5mF8jR4v	2sNgrxbrBvRL3cje8p6PBvwzH8oJLtwkiBQKJuvyErCr	1787914324	SELL	10503298	-10503298	46759770	-61015	6	4wPjJcfbPvTLCKUEPvJiqU5iVX5xaxxu6qSEAN99zE4P	263	61247	46961938	202168	pumpswap	1	0	0
4uGNessdRjsxxMNgbBTxbcZLaannQ3CGjiibyjDbwrYaNwADyZTzmPCEwnseAXnGU83NHhiCAytyJyXnjMPMH7Cs	2sNgrxbrBvRL3cje8p6PBvwzH8oJLtwkiBQKJuvyErCr	1787914389	SELL	10498339	-10498339	46737681	-16471	6	4wPjJcfbPvTLCKUEPvJiqU5iVX5xaxxu6qSEAN99zE4P	300	16762	47591650	853969	pumpswap	1	0	0
39DwNReRJXQeRFntE67SidNj4H5X2ibx6BnkynB819wiNun82vcULUKdFNHVpwaLpBnWzfahTmJdszg86LP3Edye	2sNgrxbrBvRL3cje8p6PBvwzH8oJLtwkiBQKJuvyErCr	1787915720	BUY	9600	-9600	-20000	48965749682	6	4wPjJcfbPvTLCKUEPvJiqU5iVX5xaxxu6qSEAN99zE4P	49115544605	125238378	1	20001	pumpswap	0	0	0
5X7Tp7DUdLF6iKXhxfqcM4aKg81tULEWNgDZreLi1maDjP8eKtE2TVHgh6KdJYD5E8Z947eVnKeqtt7aCQTgWSPM	AopriLSFAZg8dkArfzdLH1G6RpptUEXifF3egTLR3ren	1787908508	BUY	9600	-2048880	-20000	202077329	6	HMsf2LLawJCcXhNER6J9Yqb2ns2z9kgZ6gnr11raiMD9	999999351373840	999999149296511	98670064160	98670084150	pumpswap	0	2039280	0
4RixEoKLTDukjMWoMcZ11RZZimiR7VYc5VfSJXKxZCi3co6QUKT8gxUSX5pq7FB56udAybc6h9q2yQjjGC7Q5QWj	AopriLSFAZg8dkArfzdLH1G6RpptUEXifF3egTLR3ren	1787910022	SELL	48652362	-48652362	316718940	-999	6	HMsf2LLawJCcXhNER6J9Yqb2ns2z9kgZ6gnr11raiMD9	1	1000	317989946	1112170	pumpswap	1	0	0
4dPwTBQT5d31ZSTAmUJmtf5jWdQa4hzYoyRy9NmvCh6KEf4Qp85EBh16f6oPBpRMafgtNE9pQGyxpqokVvTNQX2s	72cjKRD7v6gMaaiaVgCds6pmMB6wQaNYPYPkEcEnkn6g	1787907176	BUY	9600	-2083680	-20000	518389	6	AU4Kh3xUQShK6ETuUqAgQkv4rmogccP6PPWox87nQGz7	2599750000000	2599749481351	100000000000	100000020000	pumpswap	0	2074080	0
3hTTEZNsXtZ4EzSrYQw3WS5UGz9oWXdmyWAg8hDoR5Z8TaTU9jRBuL43G6k3a99XTSXLgqkXCeBZGzj4om5LSgqS	72cjKRD7v6gMaaiaVgCds6pmMB6wQaNYPYPkEcEnkn6g	1787908604	SELL	12646332	-18394664	57425831	-5997	6	AU4Kh3xUQShK6ETuUqAgQkv4rmogccP6PPWox87nQGz7	6	6000	57483469	57638	pumpswap	1	0	5748332
JargHSD9wdMC2JTKpCNaVaxZhhKT1vDbXywjX2T4e2Yq8zttuUhRj5ojMefyQ7k8UkRoAqFcXR3wr7GsXJBizNN	2kJj2ftLUj6oK3Ao6oLBs5ViU26gENaYW3trPfhBBAGS	1787907197	BUY	9600	-2083680	-20000	40100096721	9	8Cx4KiWpZXTRzJWVWuDySAkZ4CuVvPrmJMfGeV84ftrt	998430439733857700	998430399613650599	496475165734	496475185734	pumpswap	0	2074080	0
5VqxCqwaEhnTHG45NkBGYEsLgiX1ZYP5c5c9egyGrZ4ZvkU5wkkmUQCSB4njtXQ72d7G5HW9Xfg139RSv7KLy2fT	2kJj2ftLUj6oK3Ao6oLBs5ViU26gENaYW3trPfhBBAGS	1787907329	BUY	9600	-9600	-20000	27747709556407	9	8Cx4KiWpZXTRzJWVWuDySAkZ4CuVvPrmJMfGeV84ftrt	43843885907410	16082260749420	11507	31507	pumpswap	0	0	0
2y7LHLLcFL6yhNjotHjV2UTw55i6UjQerde6FQwRVzRrPpjRAs8Zp3PKgBxnJ5uRFVtbcJ4HcMguBtiA4WiD73tf	2kJj2ftLUj6oK3Ao6oLBs5ViU26gENaYW3trPfhBBAGS	1787907340	SELL	5525	-23005525	49686106	-23483277850593	9	8Cx4KiWpZXTRzJWVWuDySAkZ4CuVvPrmJMfGeV84ftrt	152125992882	23623697324107	50008942	322836	pumpswap	1	0	23000000
5mkk8uDHYe4DRJ4e9Yx7Kr9CR3sRffYgEhBJ8qF1xaJPuj4R9BJnBSXS82p2ygrKii5DfKj8Y9HjXeB3BpqERyNU	2kJj2ftLUj6oK3Ao6oLBs5ViU26gENaYW3trPfhBBAGS	1787907340	BUY	9600	-9600	-20000	1373999593515	9	8Cx4KiWpZXTRzJWVWuDySAkZ4CuVvPrmJMfGeV84ftrt	23623697324107	22249008663594	322836	342836	pumpswap	0	0	0
2Zs4oo8fwK8DESJKJELzLYoryChK3dVeNUwGENxN7GjqiZUTtfidcD5jm3ZWoowMoRqsUhBPC1QSuakfGz1oA2NV	2kJj2ftLUj6oK3Ao6oLBs5ViU26gENaYW3trPfhBBAGS	1787957493	BUY	9600	-9600	-20000	28569114324489	9	8Cx4KiWpZXTRzJWVWuDySAkZ4CuVvPrmJMfGeV84ftrt	28676570872852	93129008581	15	20015	pumpswap	0	0	0
3j4RnwuRFzrvyPC8TRT3R7rnMUJo8QWkS1twTnUVK8cfKqXJ6B1b3uecRcYNDbmFYFjEAAuRfxQ7E8frtjJJhLsR	DFeVPSHbYT2SXBiuQFRtuTs1oU2x8BzYPmigQZsYBAGS	1787905048	BUY	9600	-2083680	-20000	144140506	9	JBeZvL1hkL1tLcbwJJrzgrJTo3Xa6PnUCmWxZ2XDFXGF	2970480062498717	2970479918285923	410927992100	410928012100	pumpswap	0	2074080	0
4yN9arUUJq4tXYTYfisyUAM2YzuDLzLjhetKy5JktP6gkca4rzw1StvzGoV9TkCVWexY2wSbgQH4KZgwXZLyKfsm	DFeVPSHbYT2SXBiuQFRtuTs1oU2x8BzYPmigQZsYBAGS	1787905349	SELL	5525	-10540599	22902334	-143553086	9	JBeZvL1hkL1tLcbwJJrzgrJTo3Xa6PnUCmWxZ2XDFXGF	46542736	190024260	30349999	7447665	pumpswap	1	0	10535074
2s4C8qHBwjP41n5FJEXfDrkzcR952NugV7M1MErGvCpYhJWjDc49wB56Y2YsZmPeaJaiLhuAYUV6pVAMC1WFmSK9	DFeVPSHbYT2SXBiuQFRtuTs1oU2x8BzYPmigQZsYBAGS	1787905349	BUY	9600	-9600	-20000	507397	9	JBeZvL1hkL1tLcbwJJrzgrJTo3Xa6PnUCmWxZ2XDFXGF	190024260	189516608	7447665	7467665	pumpswap	0	0	0
5r1M4XzhjajSwHsL2h3iPEEV3FJWng9tB5L4TAmsH1GhBDaAQ6zYQCu6CfVBU3jh9PkmZ7J3hS2cockfaJAbhmhG	CC9PaSpaD5d5bsKSELr68ywPVs8nBsUzMaD52qx5hwA4	1787899496	BUY	9600	-2083680	-20000	198953774	6	F8B7BhnAUFr3HvG6wiS8qhyzXSKQAGdQBmhJz3if72xu	887908753792562	887908554739011	88990000000	88990020000	pumpswap	0	2074080	0
2FdGukQ7wMnba9zPSNXXiXtvcUDJHrmhUNEBstmL4VZbFXnh7KWgCjang4MifwM8ig5JgVLz8qJ2yCkyU57xT2Pg	CC9PaSpaD5d5bsKSELr68ywPVs8nBsUzMaD52qx5hwA4	1787903745	SELL	5525	-38338858	83249992	-6012	6	F8B7BhnAUFr3HvG6wiS8qhyzXSKQAGdQBmhJz3if72xu	6	6015	83333340	83348	pumpswap	1	0	38333333
4byXafwQpKLTiFNeUn1MeDTWQvGQEmwmqpzywju3XaUam9Qyd1gygvxsZzBmHfUwqLG9uDWj9BDnSnydowVmkhTG	CC9PaSpaD5d5bsKSELr68ywPVs8nBsUzMaD52qx5hwA4	1787903772	BUY	9600	-9600	-20000	12982430129	6	F8B7BhnAUFr3HvG6wiS8qhyzXSKQAGdQBmhJz3if72xu	13022145689	33204812	1	20001	pumpswap	0	0	0
5w5VWVPbbo5oVRYC9NomopGLktPMZYMHA1VTbNQvGhhHGW5Px5AZFuenGFANPYk9Q7E5qcwXfthyTEtrm7fkPgmz	B5zkJ2at9h8mCo4WQeQv7ULNLojQDb8eJ7MiagoZAHsx	1787893856	SELL	1194001	-1691501	9940049	-31277113	6	Hg93mUeGSnoPePEntSs4maWmJfvzrvgo5PiuxbZ9qq3z	109647	31371168	9975001	34952	pumpswap	1	0	497500
4Kg6JbXVwLgG8yGFyUiEn4EKm7GrMSwiFshgrrRA2XqUSdb7ftZbpMr1axvRtdQ1gqq3UM8oNJnW1xStk6idutKC	B5zkJ2at9h8mCo4WQeQv7ULNLojQDb8eJ7MiagoZAHsx	1787893808	BUY	9600	-2083680	-20000	4400739	6	Hg93mUeGSnoPePEntSs4maWmJfvzrvgo5PiuxbZ9qq3z	33638958141977	33638953739031	152420000000	152420020000	pumpswap	0	2074080	0
oz3tZbmcn65KpqfDqbcwxkwmG3wMcEtgBMufCMYTqeWXnd6mMFSvm1eqB5teLf1a3d8DRpzre7AJRFiTXX4k5iC	B5zkJ2at9h8mCo4WQeQv7ULNLojQDb8eJ7MiagoZAHsx	1787893839	BUY	9600	-9600	-20000	10710394497	6	Hg93mUeGSnoPePEntSs4maWmJfvzrvgo5PiuxbZ9qq3z	10743159497	27393688	1	20001	pumpswap	0	0	0
3KtwMzDoP9fX8a3ZWdAdXvy8AgTqUKswqn5dxusEjyBtoyQ78buh2nmSKi5JNj8EoJntn3NBKtoz1fhcg747hW33	2K1wRQNoTuvMuK2NXSJZb1b3dr6bA1vLXa5Gm4e2xAqV	1787885750	BUY	9600	-2083680	-20000	247237958	6	DxW5LHe2zZwu13e6fp3ThGzFUFbn7UJ7HLwc2FZFh9MV	855413828091028	855413580729079	68990000000	68990020000	pumpswap	0	2074080	0
5SjXYiyz7bxsH3xxoSKVntRkxLGbQma5jCXGifojdpSneiTHeJLiC875GvbUk25ggUfxU79Jp71Up85gF7ySua1v	2K1wRQNoTuvMuK2NXSJZb1b3dr6bA1vLXa5Gm4e2xAqV	1787886124	SELL	5525	-30248685	65680253	-26052	6	DxW5LHe2zZwu13e6fp3ThGzFUFbn7UJ7HLwc2FZFh9MV	26	26065	65746002	65749	pumpswap	1	0	30243160
UqfEV8ran4dRdL4qWEBWM2XRwjwwEQcup9a6oehTwHNBYRC9K7YH364U2krt6jjfoKzMKsSZY1taAHGT6B6fs6T	2K1wRQNoTuvMuK2NXSJZb1b3dr6bA1vLXa5Gm4e2xAqV	1787886733	BUY	9600	-9600	-20000	109934928797	6	DxW5LHe2zZwu13e6fp3ThGzFUFbn7UJ7HLwc2FZFh9MV	110271239262	281177602	1	20001	pumpswap	0	0	0
44BfjyaArGVW2Q5Hp6N4nxJCGP6VH46qBDTTTHNpJSbmk3umzVussukkazGgy9ttmjVQ52k4mg8akpsSZkk7SKCP	8Fv68mh4CG5R2iZS7r6se3aWobY1Cf7o4348WzsTZqN8	1787876058	BUY	9600	-2048880	-20000	18617993	6	8qEFHPFHmQ2PCoERD525hud6xHrFoC5m7sS1uLaSUb9B	126040999060723	126040980433392	134990751056	134990771056	pumpswap	0	2039280	0
2wZawxkYA5AvyHZr4FeBzd9twDfJWMkg95QHRdL6BexDrc8Sj5ba5wBPokrw1zLMkZx2JfRUYA8Q3x6bcuZUoh5R	8Fv68mh4CG5R2iZS7r6se3aWobY1Cf7o4348WzsTZqN8	1787879578	SELL	238743	-1432448	23878853	-18617993	6	HLnpSz9h2S4hiLQ43rnSD9XkcUThA7B8hQMKmDaiTLcC	50505141	69123134	88853110	64974257	meteora-damm2	1	0	1193705
4h8WT3md6royMJUx1TtCnuYDefdQNQmsqiNapTQEKG2tPN9kQ3HabeamjBzGKo5q6qBHtwkTEEa3MmU2tokX89K2	FiQxJN7yHuSYM7sqYTd6V5Q6NEPMzAPp9GggBbAPUten	1787878716	SELL	26032076	-36783514	173397652	-420833731	6	BLUgv9bvTdi1uXggheN8sswzjPaxGqCPZ8e4dfH5vSoC	422269	421046212	173572164	174512	pumpswap	1	2074080	8677358
58p3ka9uVNEHuHQw5cTe3g6fVrL98Wc6hdmcw1pd3ahT8zyC8YHAg3PS5wS6AqBJmXtRr74niXbWTLL9WSoBmhwi	FiQxJN7yHuSYM7sqYTd6V5Q6NEPMzAPp9GggBbAPUten	1787837298	BUY	9600	-2083680	-20000	280370034	6	BLUgv9bvTdi1uXggheN8sswzjPaxGqCPZ8e4dfH5vSoC	955986174436771	955985893926130	67989999999	67990019999	pumpswap	0	2074080	0
5ZAPwUphmzXXNm8WrdBtqcuprg3qgnvNuvgdmWJzSdprRL5XW5vBKju4nn58mY1r7y6gKm2nSmhWeVayrNv9Fxb6	FiQxJN7yHuSYM7sqYTd6V5Q6NEPMzAPp9GggBbAPUten	1787839753	BUY	9600	-9600	-20000	78013479348	6	BLUgv9bvTdi1uXggheN8sswzjPaxGqCPZ8e4dfH5vSoC	78252136434	199532973	1	20001	pumpswap	0	0	0
